{
  "config": {
    "run_name": "exp1_1",
    "out_dir": "./results",
    "seed": 42,
    "device": null,
    "bs_train": 200,
    "bs_test": 50,
    "batches": 5,
    "epochs": 1,
    "early_stopping": 5,
    "checkpoints": null,
    "lr": 0.001,
    "reg": 0.001,
    "filters_per_layer": [
      32
    ],
    "layers_per_block": 8,
    "pool_every": 5.0,
    "hidden_dims": [
      100
    ],
    "model_type": "resnet",
    "conv_params": {},
    "activaion_type": "relu",
    "activaion_params": {},
    "pooling_type": "avg",
    "pooling_params": {
      "kernel_size": 1
    },
    "kw": {}
  },
  "results": {
    "num_epochs": 0,
    "train_loss": [
      2.3198189735412598,
      2.2933342456817627,
      2.297947645187378,
      2.2903177738189697,
      2.314093828201294
    ],
    "train_acc": [
      10.399999618530273
    ],
    "test_loss": [
      2.2762651443481445,
      2.2134299278259277,
      2.3021466732025146,
      2.263530969619751,
      2.286069869995117
    ],
    "test_acc": [
      11.600000381469727
    ]
  }
}